﻿Code,,Knee Treatment Decision Tree Outcomes,Code 1,Code 2,Code 3,Code 4,Code 5
Ace Osteo,,Botox Injection & Knee Splinting,BTX-Hams,LLCast,,,
Acetabuloplasty,,No Treatment Recommendation,,,,,
Add Lengthening,,Hamstring Lengthening,Ham-Release,Hams-M,Hams-ML,,
Add-Rel,,Knee Capsulotomy & Hamstring Lengthening,Ham-Release,Hams-M,Hams-ML,,
Botox - Other,,Correct Ankle Equinus for Back Kneeing,Gast Release,Gastroc Lengthening,Strayer-TAL,TAL,
BTX-Adds,,"Hip Extension Osteotomy, Planovalgus & Torsional Correction",Dis-Fem-DRO,Prox-Fem-DRO,Prox-Fem-DRO,Tib-DRO-ER,Tib-DRO-IR
BTX-FCU,,No Hip or Foot Treatment Recommendation,,,,,
BTX-Gast,,Hamstring Lengthening & Correct Crouch Causes,Dis-Fem-Ext-Ost,Pat tendon advance,,,
BTX-Hams,,Posterior Knee Capsulotomy & Correct all Crouch Causes,Dis-Fem-Ext-Ost,Pat tendon advance,,,
BTX-Post Tib,,Knee Extension Osteotomy & Correct all Crouch Causes,Dis-Fem-Ext-Ost,Pat tendon advance,,,
BTX-Pronator,,,,,,,
Btx-Rectus,,,,,,,
Cal Sliding,,,,,,,
Calc Med Sliding Ost,,,,,,,
Calc-Lengthening,,,,,,,
Dis-Fem-DRO,,,,,,,
Dis-Fem-Ext-Ost,,,,,,,
Ext Hall Long Ten,,,,,,,
Foot-Other,,,,,,,
Gast Release,,,,,,,
Gastroc Lengthening,,,,,,,
Ham-Release,,,,,,,
Hams-M,,,,,,,
Hams-ML,,,,,,,
Hip - Other,,,,,,,
HW-Removal,,,,,,,
Knee-Other,,,,,,,
Lat-Col-Length,,,,,,,
LLCast,,,,,,,
MTP,,,,,,,
Osteotomy,,,,,,,
Other,,,,,,,
Pat tendon advance,,,,,,,
Pelvic-Ost,,,,,,,
Perc-TAL,,,,,,,
Per-Len,,,,,,,
Plant-Fascia,,,,,,,
Prox-Fem-DRO,,,,,,,
PT-Length,,,,,,,
PT-Transfer,,,,,,,
Rectus,,,,,,,
SLC,,,,,,,
SPLATT,,,,,,,
SPLITT,,,,,,,
SPOTT,,,,,,,
STA Peg,,,,,,,
Strayer-TAL,,,,,,,
TAL,,,,,,,
Tib-DRO-ER,,,,,,,
Tib-DRO-IR,,,,,,,
UE-CP-Sx,,,,,,,
V-DRO,,,,,,,
wed-osteo-calcan,,,,,,,
Z-TAL,,,,,,,
,,,,,,,
